[{"pk": 1, "model": "directory.medicine", "fields": {"active": true, "name": "halothane", "created": "2012-03-09 16:21:42"}}, {"pk": 2, "model": "directory.medicine", "fields": {"active": true, "name": "isoflurane", "created": "2012-03-09 16:21:53"}}, {"pk": 3, "model": "directory.medicine", "fields": {"active": true, "name": " nitrous oxide", "created": "2012-03-09 16:22:07"}}, {"pk": 4, "model": "directory.medicine", "fields": {"active": true, "name": " oxygen", "created": "2012-03-09 16:22:31"}}, {"pk": 5, "model": "directory.medicine", "fields": {"active": true, "name": "propofol", "created": "2012-03-20 16:24:29"}}, {"pk": 6, "model": "directory.medicine", "fields": {"active": true, "name": "ketamine", "created": "2012-03-22 17:38:42"}}, {"pk": 7, "model": "directory.medicine", "fields": {"active": true, "name": "surfactant", "created": "2012-03-22 17:59:37"}}, {"pk": 8, "model": "directory.medicine", "fields": {"active": true, "name": "caffeine citrate", "created": "2012-03-22 18:17:15"}}, {"pk": 9, "model": "directory.medicine", "fields": {"active": true, "name": "isoniazid + rifampicin", "created": "2012-03-22 22:40:35"}}, {"pk": 10, "model": "directory.medicine", "fields": {"active": true, "name": "codeine", "created": "2012-03-22 22:58:16"}}, {"pk": 11, "model": "directory.medicine", "fields": {"active": true, "name": "abacavir", "created": "2012-03-22 23:37:12"}}, {"pk": 1, "model": "directory.medicinelocal", "fields": {"medicine": 5, "name": "propofol", "language": "pt-br"}}, {"pk": 2, "model": "directory.medicinelocal", "fields": {"medicine": 5, "name": "propofol", "language": "es"}}, {"pk": 3, "model": "directory.medicinelocal", "fields": {"medicine": 9, "name": "Isoniazida + Rifampicina", "language": "es"}}, {"pk": 2, "model": "directory.evidencesummary", "fields": {"context": "Uso de surfactante pulmonar en el tratamiento de reci\u00e9n nacido prematuro con\r\ns\u00edndrome de dificultad respiratoria o enfermedad de membrana hialina", "language": "es", "question": "\u00bfCu\u00e1l es la estrategia m\u00e1s efectiva para aplicar la terapia de reemplazo de surfactante\r\npulmonar (momento de administraci\u00f3n y forma de administraci\u00f3n) en el tratamiento del\r\nreci\u00e9n nacido prematuro con s\u00edndrome de dificultad respiratoria o enfermedad de membrana\r\nhialina?", "link": "", "file": "evidences_files/Fitxa_Surfactante_temprano_vs_selectivo_en_SDR.pdf", "medicine": 7}}, {"pk": 1, "model": "directory.pharmaceuticalformtype", "fields": {"name": "Inhalation", "created": "2012-03-09 16:21:40"}}, {"pk": 2, "model": "directory.pharmaceuticalformtype", "fields": {"name": "Inhalation (medicine gas)", "created": "2012-03-09 16:22:29"}}, {"pk": 3, "model": "directory.pharmaceuticalformtype", "fields": {"name": "Injection", "created": "2012-03-20 16:23:57"}}, {"pk": 4, "model": "directory.pharmaceuticalformtype", "fields": {"name": "Suspension for intratracheal instillation", "created": "2012-03-22 17:59:12"}}, {"pk": 5, "model": "directory.pharmaceuticalformtype", "fields": {"name": "Oral liquid", "created": "2012-03-22 18:16:58"}}, {"pk": 6, "model": "directory.pharmaceuticalformtype", "fields": {"name": "Tablet", "created": "2012-03-22 22:39:48"}}, {"pk": 1, "model": "directory.pharmaceuticalformtypelocal", "fields": {"name": "Inala\u00e7\u00e3o", "language": "pt-br", "pharmaceutical_form_type": 1}}, {"pk": 2, "model": "directory.pharmaceuticalformtypelocal", "fields": {"name": "Inhalaci\u00f3n", "language": "es", "pharmaceutical_form_type": 1}}, {"pk": 3, "model": "directory.pharmaceuticalformtypelocal", "fields": {"name": "Injet\u00e1vel", "language": "pt-br", "pharmaceutical_form_type": 3}}, {"pk": 4, "model": "directory.pharmaceuticalformtypelocal", "fields": {"name": "Injetable", "language": "es", "pharmaceutical_form_type": 3}}, {"pk": 1, "model": "directory.pharmaceuticalform", "fields": {"created": "2012-03-09 16:21:42", "atc_code": "", "active": true, "medicine": 1, "composition": "", "pharmaceutical_form_type": 1}}, {"pk": 2, "model": "directory.pharmaceuticalform", "fields": {"created": "2012-03-09 16:21:53", "atc_code": "", "active": true, "medicine": 2, "composition": "", "pharmaceutical_form_type": 1}}, {"pk": 3, "model": "directory.pharmaceuticalform", "fields": {"created": "2012-03-09 16:22:07", "atc_code": "", "active": true, "medicine": 3, "composition": "", "pharmaceutical_form_type": 1}}, {"pk": 4, "model": "directory.pharmaceuticalform", "fields": {"created": "2012-03-09 16:22:31", "atc_code": "", "active": true, "medicine": 4, "composition": "", "pharmaceutical_form_type": 2}}, {"pk": 5, "model": "directory.pharmaceuticalform", "fields": {"created": "2012-03-13 17:15:43", "atc_code": "", "active": true, "medicine": 2, "composition": "", "pharmaceutical_form_type": 2}}, {"pk": 6, "model": "directory.pharmaceuticalform", "fields": {"created": "2012-03-20 16:24:29", "atc_code": "", "active": true, "medicine": 5, "composition": "10 mg/ml", "pharmaceutical_form_type": 3}}, {"pk": 7, "model": "directory.pharmaceuticalform", "fields": {"created": "2012-03-20 16:24:55", "atc_code": "", "active": true, "medicine": 5, "composition": "20 mg/ml", "pharmaceutical_form_type": 3}}, {"pk": 8, "model": "directory.pharmaceuticalform", "fields": {"created": "2012-03-22 17:38:42", "atc_code": "", "active": true, "medicine": 6, "composition": "50 mg (as hydrochloride)/ml in 10-ml vial", "pharmaceutical_form_type": 3}}, {"pk": 9, "model": "directory.pharmaceuticalform", "fields": {"created": "2012-03-22 17:59:37", "atc_code": "", "active": true, "medicine": 7, "composition": "25 mg/ml", "pharmaceutical_form_type": 4}}, {"pk": 10, "model": "directory.pharmaceuticalform", "fields": {"created": "2012-03-22 18:00:02", "atc_code": "", "active": true, "medicine": 7, "composition": "80 mg/ml", "pharmaceutical_form_type": 4}}, {"pk": 11, "model": "directory.pharmaceuticalform", "fields": {"created": "2012-03-22 18:17:15", "atc_code": "", "active": true, "medicine": 8, "composition": "20 mg/ml (equivalent to 10 mg caffeine base/ml)", "pharmaceutical_form_type": 3}}, {"pk": 12, "model": "directory.pharmaceuticalform", "fields": {"created": "2012-03-22 18:17:15", "atc_code": "", "active": true, "medicine": 8, "composition": "20 mg/ml (equivalent to 10 mg caffeine base/ml)", "pharmaceutical_form_type": 5}}, {"pk": 13, "model": "directory.pharmaceuticalform", "fields": {"created": "2012-03-22 22:40:35", "atc_code": "", "active": true, "medicine": 9, "composition": "75 mg + 150 mg", "pharmaceutical_form_type": 6}}, {"pk": 14, "model": "directory.pharmaceuticalform", "fields": {"created": "2012-03-22 22:44:33", "atc_code": "", "active": true, "medicine": 9, "composition": "150 mg + 300 mg", "pharmaceutical_form_type": 6}}, {"pk": 15, "model": "directory.pharmaceuticalform", "fields": {"created": "2012-03-22 22:44:33", "atc_code": "", "active": true, "medicine": 9, "composition": "60 mg + 60 mg", "pharmaceutical_form_type": 6}}, {"pk": 16, "model": "directory.pharmaceuticalform", "fields": {"created": "2012-03-22 22:44:33", "atc_code": "", "active": true, "medicine": 9, "composition": "150 mg + 150 mg", "pharmaceutical_form_type": 6}}, {"pk": 17, "model": "directory.pharmaceuticalform", "fields": {"created": "2012-03-22 22:58:16", "atc_code": "", "active": true, "medicine": 10, "composition": "15 mg (phosphate)", "pharmaceutical_form_type": 6}}, {"pk": 18, "model": "directory.pharmaceuticalform", "fields": {"created": "2012-03-22 22:58:16", "atc_code": "", "active": true, "medicine": 10, "composition": "30 mg (phosphate)", "pharmaceutical_form_type": 6}}, {"pk": 19, "model": "directory.pharmaceuticalform", "fields": {"created": "2012-03-22 23:37:12", "atc_code": "", "active": true, "medicine": 11, "composition": "20 mg/ml", "pharmaceutical_form_type": 5}}]