[{"pk": 1, "model": "list.list", "fields": {"name": "WHO Model List of Essential Medicines", "created": "2012-03-13 10:28:45", "year": 2012, "abbreviation": "EML", "subtype": "e", "published": true, "type": "w"}}, {"pk": 2, "model": "list.list", "fields": {"name": "Strategic Fund Medicine List", "created": "2012-03-13 14:40:52", "year": 2010, "abbreviation": "SFML", "subtype": "s", "published": true, "type": "p"}}, {"pk": 3, "model": "list.list", "fields": {"name": "Lista do Brasil", "created": "2012-03-21 13:15:47", "year": 1222, "abbreviation": "Brazil", "subtype": null, "published": true, "type": "c"}}, {"pk": 4, "model": "list.list", "fields": {"name": "WHO Model List of Essential Medicines", "created": "2012-03-22 18:05:27", "year": 2011, "abbreviation": "EML", "subtype": "e", "published": true, "type": "w"}}, {"pk": 5, "model": "list.list", "fields": {"name": "PAHO Strategic Fund Medicine List", "created": "2012-03-22 22:54:56", "year": 2010, "abbreviation": "PSFML", "subtype": "s", "published": true, "type": "p"}}, {"pk": 6, "model": "list.list", "fields": {"name": "Brazil", "created": "2012-03-22 23:13:35", "year": 2011, "abbreviation": "BR", "subtype": null, "published": true, "type": "c"}}, {"pk": 7, "model": "list.list", "fields": {"name": "Argentina", "created": "2012-03-22 23:14:00", "year": 2011, "abbreviation": "AR", "subtype": null, "published": true, "type": "c"}}, {"pk": 8, "model": "list.list", "fields": {"name": "Bolivia", "created": "2012-03-22 23:16:45", "year": 2010, "abbreviation": "BO", "subtype": null, "published": true, "type": "c"}}, {"pk": 1, "model": "list.section", "fields": {"rght": 6, "level": 0, "observation": "", "parent": null, "created": "2012-03-13 10:29:34", "title": "ANAESTHETICS", "list": 1, "lft": 1, "tree_id": 1, "complementary_list": false}}, {"pk": 9, "model": "list.section", "fields": {"rght": 8, "level": 0, "observation": "", "parent": null, "created": "2012-03-22 18:06:15", "title": " ANAESTHETICS", "list": 4, "lft": 1, "tree_id": 1, "complementary_list": false}}, {"pk": 2, "model": "list.section", "fields": {"rght": 5, "level": 1, "observation": "", "parent": 1, "created": "2012-03-13 10:31:30", "title": "General anaesthetics and oxygen", "list": 1, "lft": 2, "tree_id": 1, "complementary_list": false}}, {"pk": 10, "model": "list.section", "fields": {"rght": 7, "level": 1, "observation": "", "parent": 9, "created": "2012-03-22 18:07:06", "title": " General anaesthetics and oxygen", "list": 4, "lft": 2, "tree_id": 1, "complementary_list": false}}, {"pk": 3, "model": "list.section", "fields": {"rght": 4, "level": 2, "observation": "", "parent": 2, "created": "2012-03-13 10:31:52", "title": "Inhalational medicines ", "list": 1, "lft": 3, "tree_id": 1, "complementary_list": false}}, {"pk": 11, "model": "list.section", "fields": {"rght": 4, "level": 2, "observation": "", "parent": 10, "created": "2012-03-22 18:08:16", "title": " Inhalational medicines", "list": 4, "lft": 3, "tree_id": 1, "complementary_list": false}}, {"pk": 12, "model": "list.section", "fields": {"rght": 6, "level": 2, "observation": "", "parent": 10, "created": "2012-03-22 18:11:21", "title": "Injectable medicines", "list": 4, "lft": 5, "tree_id": 1, "complementary_list": false}}, {"pk": 4, "model": "list.section", "fields": {"rght": 4, "level": 0, "observation": "", "parent": null, "created": "2012-03-13 14:41:21", "title": "ANALGESICS", "list": 1, "lft": 1, "tree_id": 2, "complementary_list": false}}, {"pk": 20, "model": "list.section", "fields": {"rght": 4, "level": 0, "observation": "", "parent": null, "created": "2012-03-22 22:56:19", "title": "ANALGESICS", "list": 5, "lft": 1, "tree_id": 2, "complementary_list": false}}, {"pk": 5, "model": "list.section", "fields": {"rght": 3, "level": 1, "observation": "", "parent": 4, "created": "2012-03-13 14:41:42", "title": "Opioid analgesics", "list": 1, "lft": 2, "tree_id": 2, "complementary_list": false}}, {"pk": 21, "model": "list.section", "fields": {"rght": 3, "level": 1, "observation": "", "parent": 20, "created": "2012-03-22 22:57:06", "title": "Opioid analgesics", "list": 5, "lft": 2, "tree_id": 2, "complementary_list": false}}, {"pk": 7, "model": "list.section", "fields": {"rght": 2, "level": 0, "observation": "", "parent": null, "created": "2012-03-22 17:50:11", "title": "Section de teste", "list": 2, "lft": 1, "tree_id": 3, "complementary_list": false}}, {"pk": 17, "model": "list.section", "fields": {"rght": 6, "level": 0, "observation": "", "parent": null, "created": "2012-03-22 22:21:15", "title": "ANTI-INFECTIVE MEDICINE", "list": 4, "lft": 1, "tree_id": 3, "complementary_list": false}}, {"pk": 18, "model": "list.section", "fields": {"rght": 5, "level": 1, "observation": "", "parent": 17, "created": "2012-03-22 22:34:44", "title": "Antibacterials", "list": 4, "lft": 2, "tree_id": 3, "complementary_list": false}}, {"pk": 19, "model": "list.section", "fields": {"rght": 4, "level": 2, "observation": "", "parent": 18, "created": "2012-03-22 22:36:50", "title": "Antituberculosis medicine", "list": 4, "lft": 3, "tree_id": 3, "complementary_list": false}}, {"pk": 8, "model": "list.section", "fields": {"rght": 2, "level": 0, "observation": "", "parent": null, "created": "2012-03-22 18:21:22", "title": "Se\u00e7\u00e3o 2", "list": 1, "lft": 1, "tree_id": 4, "complementary_list": false}}, {"pk": 22, "model": "list.section", "fields": {"rght": 4, "level": 0, "observation": "", "parent": null, "created": "2012-03-22 23:00:45", "title": "ANTI-INFECTIVE MEDICINES", "list": 5, "lft": 1, "tree_id": 4, "complementary_list": false}}, {"pk": 23, "model": "list.section", "fields": {"rght": 3, "level": 1, "observation": "", "parent": 22, "created": "2012-03-22 23:02:34", "title": "Antituberculosis med.", "list": 5, "lft": 2, "tree_id": 4, "complementary_list": false}}, {"pk": 6, "model": "list.section", "fields": {"rght": 2, "level": 0, "observation": "", "parent": null, "created": "2012-03-21 14:52:15", "title": "Se\u00e7\u00e3o do Brasil 1", "list": 3, "lft": 1, "tree_id": 5, "complementary_list": false}}, {"pk": 24, "model": "list.section", "fields": {"rght": 2, "level": 0, "observation": "", "parent": null, "created": "2012-03-22 23:26:54", "title": "LINAME 2011 - 2013", "list": 8, "lft": 1, "tree_id": 5, "complementary_list": false}}, {"pk": 26, "model": "list.section", "fields": {"rght": 2, "level": 0, "observation": "", "parent": null, "created": "2012-03-22 23:35:42", "title": "Lista Nacional 2011", "list": 7, "lft": 1, "tree_id": 6, "complementary_list": false}}, {"pk": 25, "model": "list.section", "fields": {"rght": 2, "level": 0, "observation": "", "parent": null, "created": "2012-03-22 23:33:55", "title": "Rename 2010", "list": 6, "lft": 1, "tree_id": 7, "complementary_list": false}}, {"pk": 16, "model": "list.section", "fields": {"rght": 2, "level": 0, "observation": "", "parent": null, "created": "2012-03-22 18:25:46", "title": "SPECIFIC MEDICINES FOR NEONATAL CARE", "list": 4, "lft": 1, "tree_id": 8, "complementary_list": false}}, {"pk": 2, "model": "list.sectionpharmform", "fields": {"observation": "", "restriction_age": null, "section": 3, "only_for_children": false, "pharmaceutical_form": 2, "specialist_care_for_children": false}}, {"pk": 3, "model": "list.sectionpharmform", "fields": {"observation": "", "restriction_age": null, "section": 3, "only_for_children": false, "pharmaceutical_form": 3, "specialist_care_for_children": false}}, {"pk": 4, "model": "list.sectionpharmform", "fields": {"observation": "", "restriction_age": null, "section": 3, "only_for_children": false, "pharmaceutical_form": 4, "specialist_care_for_children": false}}, {"pk": 6, "model": "list.sectionpharmform", "fields": {"observation": "", "restriction_age": null, "section": 3, "only_for_children": false, "pharmaceutical_form": 5, "specialist_care_for_children": false}}, {"pk": 7, "model": "list.sectionpharmform", "fields": {"observation": "", "restriction_age": "", "section": 6, "only_for_children": false, "pharmaceutical_form": 2, "specialist_care_for_children": false}}, {"pk": 8, "model": "list.sectionpharmform", "fields": {"observation": "", "restriction_age": "", "section": 6, "only_for_children": false, "pharmaceutical_form": 4, "specialist_care_for_children": false}}, {"pk": 9, "model": "list.sectionpharmform", "fields": {"observation": "", "restriction_age": "", "section": 5, "only_for_children": false, "pharmaceutical_form": 3, "specialist_care_for_children": false}}, {"pk": 10, "model": "list.sectionpharmform", "fields": {"observation": "", "restriction_age": "", "section": 7, "only_for_children": false, "pharmaceutical_form": 3, "specialist_care_for_children": false}}, {"pk": 11, "model": "list.sectionpharmform", "fields": {"observation": "", "restriction_age": "", "section": 8, "only_for_children": false, "pharmaceutical_form": 2, "specialist_care_for_children": false}}, {"pk": 14, "model": "list.sectionpharmform", "fields": {"observation": "", "restriction_age": "", "section": 11, "only_for_children": false, "pharmaceutical_form": 1, "specialist_care_for_children": false}}, {"pk": 15, "model": "list.sectionpharmform", "fields": {"observation": "", "restriction_age": "", "section": 11, "only_for_children": false, "pharmaceutical_form": 2, "specialist_care_for_children": false}}, {"pk": 16, "model": "list.sectionpharmform", "fields": {"observation": "", "restriction_age": "", "section": 11, "only_for_children": false, "pharmaceutical_form": 3, "specialist_care_for_children": false}}, {"pk": 17, "model": "list.sectionpharmform", "fields": {"observation": "", "restriction_age": "", "section": 11, "only_for_children": false, "pharmaceutical_form": 4, "specialist_care_for_children": false}}, {"pk": 18, "model": "list.sectionpharmform", "fields": {"observation": "", "restriction_age": "", "section": 12, "only_for_children": false, "pharmaceutical_form": 8, "specialist_care_for_children": false}}, {"pk": 19, "model": "list.sectionpharmform", "fields": {"observation": "Thiopental may be used as an alternative depending on local\r\navailability and cost", "restriction_age": "", "section": 12, "only_for_children": false, "pharmaceutical_form": 6, "specialist_care_for_children": false}}, {"pk": 20, "model": "list.sectionpharmform", "fields": {"observation": "Thiopental may be used as an alternative depending on local\r\navailability and cost", "restriction_age": "", "section": 12, "only_for_children": false, "pharmaceutical_form": 7, "specialist_care_for_children": false}}, {"pk": 26, "model": "list.sectionpharmform", "fields": {"observation": "", "restriction_age": "", "section": 16, "only_for_children": true, "pharmaceutical_form": 11, "specialist_care_for_children": false}}, {"pk": 27, "model": "list.sectionpharmform", "fields": {"observation": "", "restriction_age": "", "section": 16, "only_for_children": true, "pharmaceutical_form": 12, "specialist_care_for_children": false}}, {"pk": 28, "model": "list.sectionpharmform", "fields": {"observation": "", "restriction_age": "", "section": 16, "only_for_children": false, "pharmaceutical_form": 9, "specialist_care_for_children": false}}, {"pk": 29, "model": "list.sectionpharmform", "fields": {"observation": "", "restriction_age": "", "section": 16, "only_for_children": false, "pharmaceutical_form": 10, "specialist_care_for_children": false}}, {"pk": 30, "model": "list.sectionpharmform", "fields": {"observation": "", "restriction_age": "", "section": 19, "only_for_children": false, "pharmaceutical_form": 13, "specialist_care_for_children": false}}, {"pk": 31, "model": "list.sectionpharmform", "fields": {"observation": "", "restriction_age": "", "section": 19, "only_for_children": false, "pharmaceutical_form": 14, "specialist_care_for_children": false}}, {"pk": 32, "model": "list.sectionpharmform", "fields": {"observation": "For intermittent use three times weekly.", "restriction_age": "", "section": 19, "only_for_children": false, "pharmaceutical_form": 15, "specialist_care_for_children": false}}, {"pk": 33, "model": "list.sectionpharmform", "fields": {"observation": "For intermittent use three times weekly.", "restriction_age": "", "section": 19, "only_for_children": false, "pharmaceutical_form": 16, "specialist_care_for_children": false}}, {"pk": 34, "model": "list.sectionpharmform", "fields": {"observation": "", "restriction_age": "", "section": 21, "only_for_children": false, "pharmaceutical_form": 17, "specialist_care_for_children": false}}, {"pk": 35, "model": "list.sectionpharmform", "fields": {"observation": "", "restriction_age": "", "section": 21, "only_for_children": false, "pharmaceutical_form": 18, "specialist_care_for_children": false}}, {"pk": 36, "model": "list.sectionpharmform", "fields": {"observation": "", "restriction_age": "", "section": 23, "only_for_children": false, "pharmaceutical_form": 13, "specialist_care_for_children": false}}, {"pk": 37, "model": "list.sectionpharmform", "fields": {"observation": "", "restriction_age": "", "section": 23, "only_for_children": false, "pharmaceutical_form": 14, "specialist_care_for_children": false}}, {"pk": 38, "model": "list.sectionpharmform", "fields": {"observation": "", "restriction_age": "", "section": 23, "only_for_children": false, "pharmaceutical_form": 15, "specialist_care_for_children": false}}, {"pk": 39, "model": "list.sectionpharmform", "fields": {"observation": "", "restriction_age": "", "section": 23, "only_for_children": false, "pharmaceutical_form": 16, "specialist_care_for_children": false}}, {"pk": 40, "model": "list.sectionpharmform", "fields": {"observation": "", "restriction_age": "", "section": 24, "only_for_children": false, "pharmaceutical_form": 14, "specialist_care_for_children": false}}, {"pk": 41, "model": "list.sectionpharmform", "fields": {"observation": "", "restriction_age": "", "section": 25, "only_for_children": false, "pharmaceutical_form": 18, "specialist_care_for_children": false}}, {"pk": 42, "model": "list.sectionpharmform", "fields": {"observation": "", "restriction_age": "", "section": 25, "only_for_children": false, "pharmaceutical_form": 13, "specialist_care_for_children": false}}, {"pk": 43, "model": "list.sectionpharmform", "fields": {"observation": "", "restriction_age": "", "section": 26, "only_for_children": false, "pharmaceutical_form": 19, "specialist_care_for_children": false}}]